<?xml version="1.0"?>
<Document xmlns:xsi="http://www.w3.org/2001/XMLSchema-instance" xmlns="http://www.exchangenetwork.net/schema/icis/5">
 <Header>
  <Id>xgschats</Id>
  <Author>Montgomery County</Author>
  <Organization>Montgomery County Conservation District of Pennsylvania</Organization>
  <Title>General Permit Submission</Title>
  <CreationTime>2020-07-11T16:05:04Z</CreationTime>
  <DataService>ICIS-NPDES</DataService>
  <ContactInfo>143 Level Road Collegeville, PA 19426-3313 610-489-4506 </ContactInfo>
 </Header>
 <Payload Operation="GeneralPermitSubmission">
  <GeneralPermitData>
   <TransactionHeader>
    <TransactionType>N</TransactionType>
    <TransactionTimestamp>2020-07-11T16:05:04Z</TransactionTimestamp>
   </TransactionHeader>
   <GeneralPermit>
    <PermitIdentifier>PAC460446</PermitIdentifier>
    <AssociatedMasterGeneralPermitIdentifier>PAC000000</AssociatedMasterGeneralPermitIdentifier>
    <PermitTypeCode>GPC</PermitTypeCode>
    <AgencyTypeCode>CT6</AgencyTypeCode>
    <PermitIssueDate>2020-06-10</PermitIssueDate>
    <PermitEffectiveDate>2020-06-10</PermitEffectiveDate>
    <PermitExpirationDate>2024-12-07</PermitExpirationDate>
    <PermitIssuingOrganizationTypeName>County</PermitIssuingOrganizationTypeName>
    <NAICSCodeDetails>
     <NAICSCode>236210</NAICSCode>
     <NAICSPrimaryIndicatorCode>Y</NAICSPrimaryIndicatorCode>
    </NAICSCodeDetails>
    <Facility>
     <FacilitySiteName>Sheppard Redistribution Providence Business Park W</FacilitySiteName>
     <LocationAddressText>Hollow Road</LocationAddressText>
     <LocalityName>Upper Providence Township</LocalityName>
     <LocationStateCode>PA</LocationStateCode>
     <LocationZipCode>19460</LocationZipCode>
     <LocationCountryCode>US</LocationCountryCode>
     <StateRegionCode>1</StateRegionCode>
     <FacilityTypeOfOwnershipCode>NON</FacilityTypeOfOwnershipCode>
     <ConstructionProjectName>Sheppard Redistribution Providence Business Park W</ConstructionProjectName>
     <ConstructionProjectLatitudeMeasure>0</ConstructionProjectLatitudeMeasure>
     <ConstructionProjectLongitudeMeasure>0</ConstructionProjectLongitudeMeasure>
     <FacilityContact>
      <Contact>
       <AffiliationTypeText>PCT</AffiliationTypeText>
       <FirstName>William</FirstName>
       <LastName>Sheppard</LastName>
       <IndividualTitleText>Contact Person</IndividualTitleText>
       <ElectronicAddressText>billsheppard@sheppard-enterprises.com;</ElectronicAddressText>
      </Contact>
     </FacilityContact>
     <GeographicCoordinates>
      <LatitudeMeasure>0</LatitudeMeasure>
      <LongitudeMeasure>0</LongitudeMeasure>
      <HorizontalReferenceDatumCode>002</HorizontalReferenceDatumCode>
     </GeographicCoordinates>
    </Facility>
    <PermitAddress>
     <Address>
      <AffiliationTypeText>PMA</AffiliationTypeText>
      <OrganizationFormalName>William Sheppard</OrganizationFormalName>
      <MailingAddressText>119 Summit Drive P O Box 1057 Phoenixville</MailingAddressText>
      <MailingAddressCityName>Phoenixville</MailingAddressCityName>
      <MailingAddressStateCode>PA</MailingAddressStateCode>
      <MailingAddressZipCode>19460</MailingAddressZipCode>
      <Telephone>
       <TelephoneNumberTypeCode>OFF</TelephoneNumberTypeCode>
       <TelephoneNumber>6102472830</TelephoneNumber>
      </Telephone>
     </Address>
    </PermitAddress>
   </GeneralPermit>
  </GeneralPermitData>
  <GeneralPermitData>
   <TransactionHeader>
    <TransactionType>N</TransactionType>
    <TransactionTimestamp>2020-07-11T16:05:04Z</TransactionTimestamp>
   </TransactionHeader>
   <GeneralPermit>
    <PermitIdentifier>PAC460449</PermitIdentifier>
    <AssociatedMasterGeneralPermitIdentifier>PAC000000</AssociatedMasterGeneralPermitIdentifier>
    <PermitTypeCode>GPC</PermitTypeCode>
    <AgencyTypeCode>CT6</AgencyTypeCode>
    <PermitIssueDate>2020-06-10</PermitIssueDate>
    <PermitEffectiveDate>2020-06-10</PermitEffectiveDate>
    <PermitExpirationDate>2024-12-07</PermitExpirationDate>
    <PermitIssuingOrganizationTypeName>County</PermitIssuingOrganizationTypeName>
    <NAICSCodeDetails>
     <NAICSCode>236115</NAICSCode>
     <NAICSPrimaryIndicatorCode>Y</NAICSPrimaryIndicatorCode>
    </NAICSCodeDetails>
    <Facility>
     <FacilitySiteName>Stonebrook at Upper Merion aka Glasgow Tract</FacilitySiteName>
     <LocationAddressText>Henderson Road</LocationAddressText>
     <LocalityName>Upper Merion Township</LocalityName>
     <LocationStateCode>PA</LocationStateCode>
     <LocationZipCode>19044</LocationZipCode>
     <LocationCountryCode>US</LocationCountryCode>
     <StateRegionCode>1</StateRegionCode>
     <FacilityTypeOfOwnershipCode>NON</FacilityTypeOfOwnershipCode>
     <ConstructionProjectName>Stonebrook at Upper Merion aka Glasgow Tract</ConstructionProjectName>
     <ConstructionProjectLatitudeMeasure>40.1</ConstructionProjectLatitudeMeasure>
     <ConstructionProjectLongitudeMeasure>-75.3605556</ConstructionProjectLongitudeMeasure>
     <FacilityContact>
      <Contact>
       <AffiliationTypeText>PCT</AffiliationTypeText>
       <FirstName>Mike</FirstName>
       <LastName>Downs</LastName>
       <IndividualTitleText>Contact Person</IndividualTitleText>
       <ElectronicAddressText>mdowns@tollbrothersinc.com</ElectronicAddressText>
      </Contact>
     </FacilityContact>
     <GeographicCoordinates>
      <LatitudeMeasure>40.1</LatitudeMeasure>
      <LongitudeMeasure>-75.3605556</LongitudeMeasure>
      <HorizontalReferenceDatumCode>002</HorizontalReferenceDatumCode>
     </GeographicCoordinates>
    </Facility>
    <PermitAddress>
     <Address>
      <AffiliationTypeText>PMA</AffiliationTypeText>
      <OrganizationFormalName>Mike Downs</OrganizationFormalName>
      <MailingAddressText>250 Gibraltar Road  Horsham</MailingAddressText>
      <MailingAddressCityName>Horsham</MailingAddressCityName>
      <MailingAddressStateCode>PA</MailingAddressStateCode>
      <MailingAddressZipCode>19044</MailingAddressZipCode>
      <Telephone>
       <TelephoneNumberTypeCode>OFF</TelephoneNumberTypeCode>
       <TelephoneNumber>2159388000</TelephoneNumber>
      </Telephone>
     </Address>
    </PermitAddress>
   </GeneralPermit>
  </GeneralPermitData>
  <GeneralPermitData>
   <TransactionHeader>
    <TransactionType>N</TransactionType>
    <TransactionTimestamp>2020-07-11T16:05:04Z</TransactionTimestamp>
   </TransactionHeader>
   <GeneralPermit>
    <PermitIdentifier>PAC460457</PermitIdentifier>
    <AssociatedMasterGeneralPermitIdentifier>PAC000000</AssociatedMasterGeneralPermitIdentifier>
    <PermitTypeCode>GPC</PermitTypeCode>
    <AgencyTypeCode>CT6</AgencyTypeCode>
    <PermitIssueDate>2020-06-10</PermitIssueDate>
    <PermitEffectiveDate>2020-06-10</PermitEffectiveDate>
    <PermitExpirationDate>2024-12-07</PermitExpirationDate>
    <PermitIssuingOrganizationTypeName>County</PermitIssuingOrganizationTypeName>
    <NAICSCodeDetails>
     <NAICSCode>237990</NAICSCode>
     <NAICSPrimaryIndicatorCode>Y</NAICSPrimaryIndicatorCode>
    </NAICSCodeDetails>
    <Facility>
     <FacilitySiteName>Crow Creek Trail</FacilitySiteName>
     <LocationAddressText>Walker Park</LocationAddressText>
     <LocalityName>Upper Merion Township</LocalityName>
     <LocationStateCode>PA</LocationStateCode>
     <LocationZipCode>19406</LocationZipCode>
     <LocationCountryCode>US</LocationCountryCode>
     <StateRegionCode>1</StateRegionCode>
     <FacilityTypeOfOwnershipCode>CTG</FacilityTypeOfOwnershipCode>
     <ConstructionProjectName>Crow Creek Trail</ConstructionProjectName>
     <ConstructionProjectLatitudeMeasure>40.1033333</ConstructionProjectLatitudeMeasure>
     <ConstructionProjectLongitudeMeasure>-75.3813889</ConstructionProjectLongitudeMeasure>
     <FacilityContact>
      <Contact>
       <AffiliationTypeText>PCT</AffiliationTypeText>
       <FirstName>Daniel</FirstName>
       <LastName>Russell</LastName>
       <IndividualTitleText>Contact Person</IndividualTitleText>
       <ElectronicAddressText>drussell@umtownship.org;dkraynik@umtownship.org;cdolan@umtownship.org;</ElectronicAddressText>
      </Contact>
     </FacilityContact>
     <GeographicCoordinates>
      <LatitudeMeasure>40.1033333</LatitudeMeasure>
      <LongitudeMeasure>-75.3813889</LongitudeMeasure>
      <HorizontalReferenceDatumCode>002</HorizontalReferenceDatumCode>
     </GeographicCoordinates>
    </Facility>
    <PermitAddress>
     <Address>
      <AffiliationTypeText>PMA</AffiliationTypeText>
      <OrganizationFormalName>Daniel Russell </OrganizationFormalName>
      <MailingAddressText>175 W. Valley Forge Road  King of Prussia</MailingAddressText>
      <MailingAddressCityName>King of Prussi</MailingAddressCityName>
      <MailingAddressStateCode>PA</MailingAddressStateCode>
      <MailingAddressZipCode>19406</MailingAddressZipCode>
      <Telephone>
       <TelephoneNumberTypeCode>OFF</TelephoneNumberTypeCode>
       <TelephoneNumber>6102651071</TelephoneNumber>
      </Telephone>
     </Address>
    </PermitAddress>
   </GeneralPermit>
  </GeneralPermitData>
  <GeneralPermitData>
   <TransactionHeader>
    <TransactionType>N</TransactionType>
    <TransactionTimestamp>2020-07-11T16:05:04Z</TransactionTimestamp>
   </TransactionHeader>
   <GeneralPermit>
    <PermitIdentifier>PAC460478</PermitIdentifier>
    <AssociatedMasterGeneralPermitIdentifier>PAC000000</AssociatedMasterGeneralPermitIdentifier>
    <PermitTypeCode>GPC</PermitTypeCode>
    <AgencyTypeCode>CT6</AgencyTypeCode>
    <PermitIssueDate>2020-06-09</PermitIssueDate>
    <PermitEffectiveDate>2020-06-09</PermitEffectiveDate>
    <PermitExpirationDate>2024-12-07</PermitExpirationDate>
    <PermitIssuingOrganizationTypeName>County</PermitIssuingOrganizationTypeName>
    <NAICSCodeDetails>
     <NAICSCode>236220</NAICSCode>
     <NAICSPrimaryIndicatorCode>Y</NAICSPrimaryIndicatorCode>
    </NAICSCodeDetails>
    <Facility>
     <FacilitySiteName>Plymouth Square Shopping Center </FacilitySiteName>
     <LocationAddressText>200 West Ridge Pike Road</LocationAddressText>
     <LocalityName>Plymouth Township</LocalityName>
     <LocationStateCode>PA</LocationStateCode>
     <LocationZipCode>19428</LocationZipCode>
     <LocationCountryCode>US</LocationCountryCode>
     <StateRegionCode>1</StateRegionCode>
     <FacilityTypeOfOwnershipCode>NON</FacilityTypeOfOwnershipCode>
     <ConstructionProjectName>Plymouth Square Shopping Center </ConstructionProjectName>
     <ConstructionProjectLatitudeMeasure>75</ConstructionProjectLatitudeMeasure>
     <ConstructionProjectLongitudeMeasure>-40</ConstructionProjectLongitudeMeasure>
     <FacilityContact>
      <Contact>
       <AffiliationTypeText>PCT</AffiliationTypeText>
       <FirstName>William</FirstName>
       <LastName>Greimel</LastName>
       <IndividualTitleText>Contact Person</IndividualTitleText>
       <ElectronicAddressText>willam.greimel@brixmor.com;</ElectronicAddressText>
      </Contact>
     </FacilityContact>
     <GeographicCoordinates>
      <LatitudeMeasure>75</LatitudeMeasure>
      <LongitudeMeasure>-40</LongitudeMeasure>
      <HorizontalReferenceDatumCode>002</HorizontalReferenceDatumCode>
     </GeographicCoordinates>
    </Facility>
    <PermitAddress>
     <Address>
      <AffiliationTypeText>PMA</AffiliationTypeText>
      <OrganizationFormalName>William Greimel</OrganizationFormalName>
      <MailingAddressText>One Fayette Street Suite 150  Conshohocken</MailingAddressText>
      <MailingAddressCityName>Conshohocken</MailingAddressCityName>
      <MailingAddressStateCode>PA</MailingAddressStateCode>
      <MailingAddressZipCode>19428</MailingAddressZipCode>
      <Telephone>
       <TelephoneNumberTypeCode>OFF</TelephoneNumberTypeCode>
       <TelephoneNumber>6108257100</TelephoneNumber>
      </Telephone>
     </Address>
    </PermitAddress>
   </GeneralPermit>
  </GeneralPermitData>
 </Payload>
</Document>
